Ding,Lee,dlee
Key,Patel,kpatel
Sanji,Gupta,sgupta
John,Chen,jchen
Jake,Smith,jsmith
Mike,Williams,mwilliams
Rane,Johnson,rjohnson
Albert,Brown,abrown
Marci,Rodriguez,mrodriguez
Timur,Nguyen,tnguyen
Anita,Kim,akim
Lebron,Wilson,lwilson